datetime,value
1413417600,6
1413408540,1
1413404640,3
1413404040,2
1413402600,2
1413402480,1
1413402420,1
1413402300,1
1413401940,2
1413401760,2
1413401520,1
1413401400,1
1413400500,1
1413399600,1
1413399480,1
1413398880,3
1413398820,1
1413398700,1
1413397800,1
1413397500,1
1413396900,1
1413396540,1
1413396420,2
1413396360,3
1413396240,2
1413396060,1
1413396000,1
1413395880,1
1413395820,2
1413395700,1
1413395520,1
1413395460,2
1413395220,1
1413395100,1
1413394860,1
1413394620,2
1413394440,3
1413394260,2
1413394200,1
1413393780,1
1413393660,1
1413393600,2
1413393540,3
1413393480,4
1413393420,2
1413393360,2
1413393300,2
1413393240,1
1413393180,1
1413393120,1
1413393060,3
1413393000,2
1413392940,1
1413392880,1
1413392820,3
1413392760,2
1413392700,1
1413392580,1
1413392520,1
1413392400,2
1413392280,1
1413392220,1
1413392160,2
1413392100,1
1413392040,1
1413391980,5
1413391920,2
1413391860,1
1413391800,1
1413391740,1
1413391680,1
1413391620,3
1413391560,5
1413391500,7
1413391380,1
1413391260,1
1413391080,2
1413391020,2
1413390960,1
1413390900,3
1413390840,1
1413390720,1
1413390600,10
1413390540,2
1413390480,5
1413390420,1
1413390360,3
1413390240,2
1413390180,2
1413390120,1
1413390060,2
1413390000,2
1413389940,1
1413389880,6
1413389820,1
1413389760,1
1413389700,13
1413389580,2
1413389520,2
1413389460,3
1413389400,1
1413389340,1
1413389280,4
1413389220,3
1413389160,1
1413389100,3
1413389040,1
1413388980,1
1413388860,2
1413388800,19
1413388740,1
1413388680,3
1413388620,3
1413388560,4
1413388500,4
1413388440,2
1413388380,5
1413388320,3
1413388260,1
1413388200,1
1413388140,8
1413388080,3
1413388020,7
1413387960,4
1413387900,15
1413387840,2
1413387780,2
1413387720,1
1413387660,1
1413387600,8
1413387540,1
1413387480,4
1413387420,1
1413387360,3
1413387300,5
1413387240,4
1413387180,1
1413387120,8
1413387060,4
1413387000,23
1413386940,1
1413386880,24
1413386820,2
1413386760,5
1413386640,2
1413386580,5
1413386520,3
1413386460,1
1413386400,5
1413386340,5
1413386280,1
1413386220,7
1413386160,4
1413386100,15
1413386040,3
1413385980,3
1413385920,3
1413385860,4
1413385800,5
1413385740,1
1413385680,1
1413385620,2
1413385560,5
1413385500,4
1413385440,6
1413385380,7
1413385320,1
1413385260,3
1413385200,26
1413385140,1
1413385080,3
1413385020,3
1413384960,3
1413384900,2
1413384840,4
1413384780,1
1413384720,6
1413384660,2
1413384600,7
1413384540,4
1413384420,2
1413384300,14
1413384240,3
1413384180,2
1413384120,1
1413384000,3
1413383940,3
1413383880,3
1413383820,7
1413383700,1
1413383640,2
1413383580,2
1413383460,2
1413383400,27
1413383340,1
1413383220,2
1413383160,1
1413383040,1
1413382980,1
1413382860,2
1413382800,2
1413382680,1
1413382620,3
1413382500,15
1413382440,2
1413382380,2
1413382320,3
1413382260,3
1413382200,3
1413382140,8
1413382020,2
1413381960,2
1413381900,2
1413381840,3
1413381780,6
1413381720,3
1413381660,3
1413381600,32
1413381540,6
1413381480,3
1413381420,5
1413381360,2
1413381300,4
1413381240,4
1413381180,1
1413381120,4
1413381060,2
1413381000,2
1413380940,2
1413380820,3
1413380760,3
1413380700,19
1413380640,1
1413380580,6
1413380520,1
1413380460,2
1413380400,6
1413380340,2
1413380280,3
1413380160,1
1413380100,3
1413380040,1
1413379980,3
1413379920,4
1413379860,1
1413379800,32
1413379680,3
1413379620,13
1413379560,3
1413379500,2
1413379440,4
1413379380,3
1413379320,4
1413379260,1
1413379200,4
1413379140,2
1413379080,2
1413379020,3
1413378960,3
1413378900,18
1413378780,2
1413378660,10
1413378600,6
1413378540,1
1413378480,3
1413378360,1
1413378300,1
1413378180,3
1413378120,2
1413378060,4
1413378000,33
1413377940,1
1413377880,2
1413377820,2
1413377760,3
1413377700,3
1413377640,6
1413377520,4
1413377460,2
1413377400,3
1413377340,1
1413377280,1
1413377220,1
1413377160,3
1413377100,5
1413377040,2
1413376980,2
1413376920,2
1413376860,5
1413376800,3
1413376740,1
1413376680,2
1413376620,3
1413376560,1
1413376500,1
1413376440,1
1413376380,1
1413376320,2
1413376260,5
1413376200,5
1413376140,2
1413376080,2
1413376020,1
1413375960,3
1413375900,2
1413375840,1
1413375720,1
1413375600,8
1413375540,3
1413375480,4
1413375420,3
1413375360,4
1413375300,3
1413375240,4
1413375180,7
1413375120,2
1413375060,1
1413375000,1
1413374940,2
1413374880,1
1413374820,1
1413374760,2
1413374700,2
1413374580,1
1413374520,5
1413374460,1
1413374400,5
1413374340,4
1413374280,4
1413374220,1
1413374160,2
1413374100,3
1413374040,4
1413373980,7
1413373920,8
1413373860,9
1413373800,4
1413373740,1
1413373680,1
1413373620,1
1413373560,4
1413373500,4
1413373440,3
1413373380,2
1413373320,2
1413373260,1
1413373200,2
1413373140,4
1413373080,2
1413373020,11
1413372960,2
1413372900,3
1413372840,3
1413372720,1
1413372660,3
1413372600,16
1413372540,4
1413372480,4
1413372420,5
1413372360,3
1413372300,3
1413372240,3
1413372180,1
1413372120,1
1413372060,2
1413372000,5
1413371940,3
1413371880,6
1413371820,6
1413371760,1
1413371700,18
1413371640,1
1413371580,1
1413371520,3
1413371460,1
1413371400,1
1413371340,4
1413371220,1
1413371100,2
1413371040,2
1413370980,4
1413370920,2
1413370860,4
1413370800,29
1413370740,5
1413370680,7
1413370620,3
1413370560,6
1413370500,4
1413370440,5
1413370380,2
1413370320,5
1413370260,6
1413370200,5
1413370140,1
1413370080,4
1413370020,3
1413369960,4
1413369900,34
1413369840,8
1413369780,1
1413369720,1
1413369660,1
1413369600,8
1413369540,2
1413369480,9
1413369420,4
1413369360,6
1413369300,4
1413369240,9
1413369180,5
1413369120,11
1413369060,4
1413369000,38
1413368940,2
1413368880,1
1413368820,8
1413368760,5
1413368700,4
1413368640,6
1413368580,1
1413368520,1
1413368460,9
1413368400,6
1413368340,8
1413368280,4
1413368220,4
1413368160,4
1413368100,28
1413368040,6
1413367980,10
1413367920,8
1413367860,8
1413367800,6
1413367740,7
1413367680,9
1413367620,3
1413367560,3
1413367500,4
1413367440,17
1413367380,8
1413367320,6
1413367260,2
1413367200,43
1413367140,2
1413367080,4
1413367020,4
1413366960,7
1413366900,5
1413366840,4
1413366780,10
1413366720,7
1413366660,4
1413366600,4
1413366540,5
1413366480,11
1413366420,3
1413366360,7
1413366300,24
1413366240,3
1413366180,5
1413366120,1
1413366060,1
1413366000,5
1413365940,5
1413365880,2
1413365820,2
1413365760,1
1413365700,3
1413365640,4
1413365580,3
1413365520,6
1413365460,2
1413365400,41
1413365340,5
1413365280,3
1413365220,4
1413365160,5
1413365100,1
1413364980,2
1413364920,1
1413364860,3
1413364800,5
1413364740,5
1413364680,5
1413364620,5
1413364560,2
1413364500,29
1413364440,3
1413364380,2
1413364320,2
1413364260,2
1413364200,8
1413364080,1
1413364020,5
1413363960,2
1413363900,1
1413363840,5
1413363780,9
1413363720,2
1413363600,43
1413363540,3
1413363480,2
1413363420,4
1413363360,9
1413363300,2
1413363240,1
1413363180,7
1413363120,4
1413363060,4
1413363000,3
1413362940,4
1413362880,2
1413362820,5
1413362760,8
1413362700,20
1413362640,5
1413362580,8
1413362460,6
1413362400,11
1413362340,2
1413362280,2
1413362220,1
1413362160,1
1413362040,2
1413361980,4
1413361920,1
1413361860,4
1413361800,31
1413361740,3
1413361620,4
1413361560,2
1413361500,7
1413361440,1
1413361380,3
1413361320,1
1413361200,2
1413361140,1
1413361080,3
1413360900,18
1413360840,2
1413360780,1
1413360720,2
1413360660,3
1413360600,1
1413360540,1
1413360420,1
1413360360,3
1413360300,2
1413360240,2
1413360180,2
1413360060,1
1413360000,15
1413359820,1
1413359640,1
1413359580,6
1413359400,2
1413359280,2
1413359220,3
1413358980,1
1413358800,2
1413356700,11
1413356580,2
1413356340,1
1413356280,1
1413355140,2
1413355080,1
1413354840,1
1413354360,1
1413354240,1
1413353640,2
1413352920,2
1413352680,1
1413352560,2
1413352500,1
1413351120,1
1413351060,1
1413349440,1
1413349380,1
1413331200,3
1413327120,2
1413326700,2
1413326460,2
1413326100,1
1413325500,1
1413325260,1
1413321780,1
1413321480,1
1413319980,1
1413318720,1
1413315900,1
1413315360,1
1413315240,2
1413315000,1
1413314580,1
1413314400,2
1413314100,1
1413313860,2
1413313200,1
1413312540,1
1413312300,1
1413311820,1
1413311760,1
1413311700,1
1413311640,1
1413311580,1
1413311520,2
1413311400,1
1413311040,1
1413310980,1
1413310740,1
1413310500,1
1413310380,1
1413310260,1
1413310200,3
1413310020,1
1413309900,1
1413309780,1
1413309600,2
1413309420,1
1413309360,1
1413309120,1
1413309000,1
1413308700,1
1413308580,1
1413308520,1
1413308460,1
1413308400,1
1413308340,1
1413308280,3
1413308220,1
1413308100,1
1413307920,1
1413307860,1
1413307800,2
1413307740,1
1413307680,6
1413307620,7
1413307560,1
1413307500,4
1413307440,2
1413307380,1
1413307260,1
1413307200,1
1413307140,1
1413307080,1
1413307020,1
1413306900,1
1413306780,1
1413306660,1
1413306600,2
1413306540,1
1413306480,1
1413306420,3
1413306360,1
1413306240,1
1413306000,1
1413305940,6
1413305880,2
1413305820,1
1413305760,3
1413305700,4
1413305640,3
1413305580,1
1413305520,1
1413305460,1
1413305400,1
1413305340,5
1413305280,2
1413305220,1
1413305100,4
1413305040,1
1413304980,2
1413304920,1
1413304860,1
1413304740,2
1413304680,3
1413304620,1
1413304560,1
1413304500,1
1413304380,3
1413304320,5
1413304200,8
1413304140,2
1413304080,3
1413304020,2
1413303960,2
1413303900,3
1413303840,2
1413303780,2
1413303720,2
1413303660,2
1413303600,3
1413303540,2
1413303420,2
1413303360,5
1413303300,17
1413303240,2
1413303180,2
1413303120,3
1413303060,1
1413302940,1
1413302880,4
1413302820,1
1413302760,1
1413302700,1
1413302640,1
1413302580,6
1413302520,5
1413302460,5
1413302400,23
1413302340,3
1413302280,4
1413302220,2
1413302160,2
1413302100,3
1413302040,1
1413301980,3
1413301920,7
1413301860,8
1413301800,4
1413301740,5
1413301620,2
1413301560,2
1413301500,10
1413301440,7
1413301380,5
1413301320,3
1413301260,1
1413301200,6
1413301140,5
1413301080,8
1413301020,3
1413300960,3
1413300900,4
1413300840,7
1413300780,7
1413300720,5
1413300660,2
1413300600,27
1413300540,4
1413300480,4
1413300420,2
1413300360,4
1413300300,7
1413300240,2
1413300180,4
1413300120,5
1413300060,3
1413300000,4
1413299940,5
1413299880,2
1413299820,9
1413299760,7
1413299700,17
1413299640,2
1413299580,4
1413299520,3
1413299460,1
1413299400,1
1413299340,1
1413299280,3
1413299220,4
1413299160,1
1413299100,3
1413299040,2
1413298980,7
1413298860,4
1413298800,30
1413298740,1
1413298680,2
1413298620,4
1413298560,3
1413298440,1
1413298380,2
1413298320,1
1413298260,1
1413298200,3
1413298140,4
1413298020,3
1413297960,4
1413297900,26
1413297840,2
1413297780,9
1413297720,3
1413297660,1
1413297600,6
1413297540,2
1413297480,4
1413297420,6
1413297360,6
1413297300,4
1413297240,2
1413297180,5
1413297120,1
1413297060,5
1413297000,28
1413296880,2
1413296820,5
1413296760,2
1413296700,1
1413296640,3
1413296580,1
1413296460,2
1413296400,3
1413296340,3
1413296280,5
1413296220,1
1413296160,2
1413296100,24
1413296040,3
1413295980,1
1413295920,2
1413295860,7
1413295800,6
1413295740,1
1413295560,1
1413295500,2
1413295440,5
1413295380,2
1413295320,4
1413295260,1
1413295200,32
1413295140,1
1413295020,2
1413294960,2
1413294900,2
1413294840,3
1413294780,1
1413294720,2
1413294660,1
1413294600,4
1413294540,1
1413294480,6
1413294420,2
1413294360,1
1413294300,24
1413294180,1
1413294120,1
1413294060,1
1413294000,6
1413293880,3
1413293700,3
1413293580,1
1413293520,2
1413293460,3
1413293400,35
1413293340,5
1413293280,3
1413293220,4
1413293160,7
1413293100,2
1413293040,4
1413292980,2
1413292920,2
1413292860,4
1413292800,4
1413292740,2
1413292680,4
1413292620,1
1413292560,4
1413292500,18
1413292440,2
1413292320,2
1413292260,1
1413292200,3
1413292140,1
1413292080,1
1413292020,2
1413291960,1
1413291900,4
1413291840,1
1413291780,1
1413291720,1
1413291600,39
1413291540,4
1413291420,3
1413291300,1
1413291240,1
1413291120,8
1413291000,4
1413290880,1
1413290820,2
1413290700,4
1413290640,1
1413290460,1
1413290400,2
1413290340,1
1413290280,1
1413290160,1
1413290100,3
1413289980,1
1413289920,1
1413289800,13
1413289680,2
1413289620,10
1413289560,7
1413289500,2
1413289440,2
1413289380,1
1413289320,11
1413289260,5
1413289200,4
1413289140,2
1413289080,2
1413289020,1
1413288960,2
1413288900,3
1413288840,5
1413288780,1
1413288660,4
1413288600,2
1413288540,2
1413288120,1
1413288060,3
1413288000,9
1413287940,5
1413287880,3
1413287820,2
1413287760,1
1413287700,1
1413287640,7
1413287580,3
1413287520,3
1413287460,5
1413287400,3
1413287340,2
1413287280,5
1413287220,1
1413287160,3
1413287100,8
1413287040,1
1413286980,1
1413286920,2
1413286860,2
1413286800,3
1413286740,1
1413286680,1
1413286560,1
1413286500,2
1413286440,6
1413286380,3
1413286320,2
1413286260,3
1413286200,18
1413286080,2
1413286020,5
1413285960,2
1413285840,4
1413285780,9
1413285720,3
1413285660,4
1413285600,8
1413285540,5
1413285480,1
1413285420,2
1413285360,5
1413285300,23
1413285240,4
1413285180,3
1413285120,5
1413285060,3
1413285000,4
1413284940,2
1413284880,9
1413284820,4
1413284760,1
1413284700,8
1413284580,4
1413284520,1
1413284460,2
1413284400,33
1413284340,8
1413284280,3
1413284160,1
1413284100,2
1413284040,4
1413283920,4
1413283860,4
1413283800,5
1413283680,3
1413283620,3
1413283560,3
1413283500,18
1413283440,6
1413283380,1
1413283320,2
1413283200,2
1413283140,5
1413283080,2
1413283020,5
1413282960,1
1413282900,6
1413282840,5
1413282780,2
1413282720,3
1413282660,5
1413282600,33
1413282540,3
1413282480,2
1413282420,2
1413282360,2
1413282300,5
1413282240,3
1413282180,1
1413282120,5
1413282060,3
1413282000,9
1413281940,3
1413281880,3
1413281820,3
1413281760,3
1413281700,26
1413281640,3
1413281580,4
1413281520,4
1413281460,3
1413281400,1
1413281340,5
1413281280,4
1413281220,3
1413281160,5
1413281100,6
1413281040,5
1413280980,2
1413280920,2
1413280860,1
1413280800,39
1413280740,1
1413280680,1
1413280620,1
1413280560,3
1413280500,5
1413280440,5
1413280380,2
1413280320,2
1413280260,2
1413280200,13
1413280140,4
1413280080,4
1413280020,7
1413279960,4
1413279900,26
1413279840,4
1413279780,5
1413279720,4
1413279660,2
1413279600,2
1413279540,3
1413279480,7
1413279420,5
1413279360,5
1413279300,2
1413279180,8
1413279120,3
1413279060,7
1413279000,34
1413278940,2
1413278880,1
1413278820,2
1413278760,2
1413278700,1
1413278640,2
1413278580,3
1413278460,2
1413278400,4
1413278340,2
1413278280,1
1413278160,3
1413278100,25
1413278040,6
1413277980,5
1413277920,2
1413277800,4
1413277740,2
1413277680,3
1413277620,3
1413277560,5
1413277500,2
1413277440,2
1413277380,1
1413277320,3
1413277260,2
1413277200,42
1413277140,2
1413277080,2
1413277020,3
1413276960,3
1413276900,1
1413276840,1
1413276780,3
1413276720,3
1413276660,5
1413276600,8
1413276540,2
1413276480,4
1413276420,3
1413276360,2
1413276300,28
1413276240,2
1413276180,7
1413276120,2
1413276060,3
1413276000,4
1413275940,4
1413275820,3
1413275760,1
1413275700,6
1413275640,2
1413275580,8
1413275520,3
1413275400,39
1413275340,6
1413275280,4
1413275220,3
1413275160,9
1413275100,3
1413275040,4
1413274980,3
1413274920,3
1413274860,6
1413274800,1
1413274740,3
1413274680,1
1413274620,1
1413274560,10
1413274500,14
1413274440,2
1413274380,3
1413274320,5
1413274260,1
1413274200,2
1413274140,1
1413274080,4
1413274020,5
1413273960,1
1413273840,3
1413273780,7
1413273660,3
1413273600,19
1413273540,1
1413273480,1
1413273300,2
1413273240,1
1413273180,3
1413273120,3
1413273060,2
1413272640,1
1413272520,1
1413272460,2
1413272100,1
1413272040,2
1413271920,2
1413271860,5
1413271800,4
1413271740,3
1413271680,1
1413271500,3
1413271320,1
1413271200,1
1413271080,3
1413271020,4
1413270840,1
1413270780,3
1413270720,3
1413270360,1
1413270000,2
1413266460,1
1413266100,1
1413265680,3
1413260460,1
1413260400,1
1413260160,3
1413258960,2
1413244800,3
1413237300,1
1413236040,1
1413235200,1
1413234780,1
1413234420,2
1413234300,1
1413232860,1
1413232200,1
1413231420,1
1413231060,1
1413230940,1
1413230520,1
1413229980,1
1413229740,2
1413229620,1
1413229500,1
1413228720,2
1413228660,1
1413228600,1
1413228540,1
1413228300,1
1413228240,1
1413227940,2
1413227700,1
1413227220,1
1413226920,8
1413226500,1
1413225900,1
1413224460,3
1413224340,2
1413223920,1
1413223680,1
1413223620,1
1413223560,1
1413223500,1
1413223260,1
1413223200,1
1413223140,1
1413223080,2
1413223020,1
1413222600,2
1413222540,1
1413222480,1
1413222300,1
1413222240,1
1413222060,1
1413221940,4
1413221880,4
1413221760,3
1413221700,2
1413221580,2
1413221460,3
1413221340,1
1413221280,1
1413221220,1
1413221160,1
1413221040,2
1413220980,3
1413220920,1
1413220860,3
1413220620,3
1413220500,2
1413220440,3
1413220380,2
1413220320,1
1413220200,2
1413220020,3
1413219960,1
1413219900,3
1413219840,2
1413219660,2
1413219600,8
1413219540,1
1413219420,3
1413219300,3
1413219240,4
1413219180,2
1413219120,2
1413219000,3
1413218940,3
1413218880,2
1413218820,3
1413218760,2
1413218700,6
1413218520,3
1413218460,2
1413218400,1
1413218340,2
1413218280,2
1413218220,3
1413218160,4
1413218100,3
1413218040,1
1413217980,2
1413217920,2
1413217800,10
1413217740,3
1413217680,2
1413217620,1
1413217560,4
1413217500,4
1413217440,1
1413217380,3
1413217320,2
1413217260,3
1413217200,7
1413217140,1
1413217080,1
1413217020,3
1413216960,1
1413216900,14
1413216840,2
1413216780,1
1413216720,2
1413216660,2
1413216600,4
1413216540,3
1413216480,5
1413216360,1
1413216300,1
1413216240,3
1413216120,3
1413216060,1
1413216000,26
1413215940,2
1413215880,3
1413215760,3
1413215700,1
1413215640,3
1413215580,3
1413215520,3
1413215460,3
1413215400,4
1413215340,2
1413215280,1
1413215220,2
1413215160,7
1413215100,24
1413215040,3
1413214980,1
1413214860,3
1413214800,4
1413214740,2
1413214680,1
1413214620,2
1413214560,2
1413214500,1
1413214440,2
1413214380,2
1413214320,7
1413214260,1
1413214200,23
1413214140,1
1413214080,2
1413214020,2
1413213960,3
1413213900,3
1413213840,2
1413213780,1
1413213720,4
1413213660,2
1413213600,2
1413213540,3
1413213480,1
1413213420,5
1413213360,1
1413213300,21
1413213240,4
1413213120,2
1413213060,1
1413213000,6
1413212940,2
1413212880,1
1413212820,3
1413212760,2
1413212700,1
1413212640,1
1413212580,1
1413212520,6
1413212460,6
1413212400,27
1413212340,7
1413212280,3
1413212220,4
1413212160,1
1413212100,2
1413212040,4
1413211980,5
1413211920,2
1413211800,4
1413211740,1
1413211680,2
1413211620,3
1413211560,2
1413211500,17
1413211440,3
1413211380,5
1413211320,4
1413211260,3
1413211200,2
1413211140,5
1413211080,4
1413211020,4
1413210960,2
1413210900,2
1413210840,5
1413210780,4
1413210720,2
1413210660,6
1413210600,28
1413210540,3
1413210480,4
1413210420,5
1413210360,2
1413210300,5
1413210240,7
1413210180,2
1413210120,1
1413210060,1
1413210000,5
1413209940,2
1413209880,2
1413209820,4
1413209760,2
1413209700,18
1413209640,2
1413209580,4
1413209520,3
1413209460,4
1413209400,2
1413209280,2
1413209220,2
1413209160,2
1413209100,3
1413209040,2
1413208980,3
1413208920,2
1413208800,36
1413208680,1
1413208620,2
1413208560,1
1413208500,3
1413208440,1
1413208380,1
1413208320,1
1413208260,1
1413208200,1
1413208080,6
1413207960,3
1413207900,24
1413207840,1
1413207660,1
1413207600,3
1413207360,2
1413207300,3
1413207240,6
1413207180,2
1413207120,1
1413207060,1
1413207000,33
1413206940,2
1413206760,1
1413206640,1
1413206580,2
1413206520,3
1413206400,5
1413206340,2
1413206280,4
1413206220,1
1413206100,21
1413206040,1
1413205980,2
1413205920,3
1413205860,1
1413205800,3
1413205740,2
1413205620,2
1413205560,1
1413205440,1
1413205380,1
1413205320,2
1413205260,2
1413205200,27
1413205140,2
1413205080,1
1413205020,1
1413204900,4
1413204840,4
1413204720,4
1413204660,2
1413204600,1
1413204540,2
1413204420,2
1413204360,1
1413204300,4
1413204240,1
1413204180,2
1413204060,2
1413203940,3
1413203880,1
1413203820,1
1413203760,6
1413203700,7
1413203640,6
1413203580,2
1413203400,7
1413203220,1
1413203160,1
1413203040,1
1413202920,2
1413202860,4
1413202800,1
1413202680,7
1413202620,1
1413202560,6
1413202500,2
1413202440,6
1413202380,1
1413202320,3
1413202260,1
1413202200,2
1413202140,6
1413202080,4
1413202020,2
1413201960,5
1413201900,2
1413201840,3
1413201780,4
1413201720,2
1413201660,2
1413201600,5
1413201540,5
1413201480,3
1413201420,2
1413201360,1
1413201300,2
1413201240,2
1413201180,1
1413201120,3
1413201060,1
1413201000,1
1413200940,2
1413200820,1
1413200760,2
1413200700,10
1413200640,4
1413200580,2
1413200520,1
1413200460,1
1413200340,3
1413200280,11
1413200220,10
1413200160,3
1413200100,3
1413200040,1
1413199980,1
1413199920,4
1413199860,1
1413199800,6
1413199740,6
1413199680,4
1413199620,4
1413199560,4
1413199500,3
1413199440,6
1413199380,3
1413199320,2
1413199260,3
1413199200,2
1413199140,2
1413199080,1
1413199020,9
1413198960,6
1413198900,18
1413198840,10
1413198780,6
1413198720,2
1413198660,6
1413198600,2
1413198540,3
1413198480,2
1413198420,5
1413198360,1
1413198300,6
1413198240,4
1413198180,6
1413198120,2
1413198060,4
1413198000,30
1413197880,8
1413197820,1
1413197760,3
1413197700,3
1413197640,4
1413197580,6
1413197460,3
1413197400,5
1413197340,4
1413197280,3
1413197220,5
1413197160,3
1413197100,26
1413197040,3
1413196980,4
1413196860,4
1413196800,7
1413196740,1
1413196680,5
1413196560,14
1413196500,1
1413196440,5
1413196380,3
1413196320,3
1413196260,3
1413196200,37
1413196140,1
1413196080,6
1413196020,6
1413195960,5
1413195900,5
1413195840,3
1413195780,9
1413195720,11
1413195660,10
1413195600,5
1413195540,1
1413195480,5
1413195420,4
1413195360,4
1413195300,20
1413195240,2
1413195180,1
1413195060,5
1413195000,3
1413194940,2
1413194880,4
1413194820,5
1413194760,1
1413194700,6
1413194640,7
1413194580,7
1413194520,3
1413194460,3
1413194400,34
1413194340,5
1413194280,7
1413194220,7
1413194160,2
1413194100,4
1413194040,2
1413193980,4
1413193920,2
1413193860,3
1413193800,8
1413193740,3
1413193680,5
1413193620,5
1413193560,9
1413193500,29
1413193440,3
1413193380,5
1413193320,5
1413193260,3
1413193200,8
1413193140,6
1413193080,1
1413193020,3
1413192960,4
1413192900,3
1413192840,1
1413192780,2
1413192720,1
1413192660,3
1413192600,34
1413192540,8
1413192480,3
1413192420,4
1413192360,6
1413192300,4
1413192240,4
1413192180,7
1413192120,4
1413192060,2
1413192000,1
1413191940,3
1413191880,6
1413191820,1
1413191760,3
1413191700,25
1413191640,3
1413191580,5
1413191520,4
1413191460,2
1413191400,9
1413191340,4
1413191280,4
1413191220,14
1413191160,7
1413191100,2
1413191040,3
1413190980,1
1413190920,1
1413190860,5
1413190800,36
1413190740,2
1413190680,3
1413190620,2
1413190560,3
1413190500,2
1413190440,5
1413190380,3
1413190320,3
1413190260,1
1413190200,3
1413190080,5
1413189960,4
1413189900,15
1413189840,3
1413189780,5
1413189720,3
1413189660,6
1413189600,4
1413189540,2
1413189480,2
1413189420,5
1413189360,3
1413189300,3
1413189240,4
1413189180,3
1413189120,6
1413189060,4
1413189000,24
1413188940,3
1413188880,1
1413188820,5
1413188760,6
1413188700,3
1413188640,1
1413188580,10
1413188520,1
1413188460,2
1413188400,4
1413188340,1
1413188280,4
1413188220,3
1413188160,3
1413188100,11
1413188040,2
1413187980,4
1413187920,2
1413187860,6
1413187800,3
1413187740,2
1413187680,2
1413187560,4
1413187500,3
1413187440,1
1413187320,2
1413187260,2
1413187200,9
1413187140,2
1413186960,1
1413186840,3
1413186780,3
1413185400,1
1413184980,1
1413184920,1
1413184860,1
1413184800,1
1413184740,1
1413183000,3
1413181500,2
1413181260,2
1413178320,1
1413169080,1
1413155340,1
1413151800,1
1413150780,6
1413150000,2
1413145200,1
1413137340,1
1413136620,2
1413136260,1
1413135900,2
1413135780,2
1413135720,2
1413134220,1
1413131400,1
1413130920,1
1413130680,1
1413130500,1
1413129600,1
1413128940,1
1413128880,1
1413128820,2
1413128700,1
1413127800,1
1413126900,1
1413126000,1
1413125520,1
1413125400,2
1413125100,1
1413124920,1
1413124200,2
1413124140,1
1413124080,1
1413124020,2
1413123300,1
1413122400,1
1413121560,1
1413120600,1
1413119700,1
1413119220,1
1413118800,1
1413118320,2
1413117900,1
1413117000,1
1413116100,1
1413115200,1
1413114300,1
1413113400,1
1413112500,1
1413112320,1
1413111600,1
1413110940,1
1413110700,1
1413109800,1
1413109260,1
1413109200,1
1413108900,1
1413108000,3
1413107820,1
1413107760,2
1413107640,1
1413105900,1
1413105180,1
1413105120,2
1413104760,7
1413104700,3
1413103800,2
1413103680,2
1413103560,1
1413103500,1
1413103320,1
1413102720,1
1413102060,1
1413101880,6
1413100200,1
1413099300,1
1413096780,1
1413095460,1
1413092520,1
1413076560,1
1413057720,1
1413054840,2
1413053280,1
1413051840,1
1413051420,1
1413051300,1
1413051060,3
1413051000,2
1413050820,1
1413050760,4
1413048240,2
1413047640,4
1413047460,2
1413047220,2
1413047160,2
1413044100,2
1413043200,1
1413042300,1
1413041400,1
1413040500,1
1413040380,1
1413040140,1
1413040020,1
1413039600,1
1413038700,1
1413038640,1
1413038460,1
1413037800,3
1413037140,1
1413036900,1
1413036600,3
1413036000,1
1413035100,1
1413034200,1
1413033900,1
1413031920,2
1413031800,2
1413031500,1
1413030780,4
1413030660,1
1413030600,2
1413030300,2
1413029700,1
1413029640,2
1413029340,1
1413028860,1
1413028800,1
1413028500,1
1413028020,2
1413027900,1
1413027000,1
1413026940,1
1413026520,1
1413026040,2
1413025500,2
1413025320,1
1413025080,1
1413024900,1
1413024720,1
1413024540,1
1413024480,1
1413024420,1
1413024360,2
1413024300,5
1413024240,19
1413024120,1
1413023640,1
1413023460,1
1413023400,1
1413023160,1
1413022500,1
1413021600,1
1413021240,1
1413020820,1
1413020700,2
1413019860,3
1413019800,3
1413019740,2
1413019680,3
1413019620,1
1413019560,13
1413019500,2
1413019200,2
1413019080,1
1413019020,1
1413018840,3
1413018780,1
1413018660,1
1413018540,1
1413018300,1
1413018120,1
1413018000,1
1413017820,2
1413017460,1
1413017160,5
1413016320,1
1413016200,1
1413014940,1
1413014820,2
1413014760,1
1413014700,1
1413014580,1
1413014520,3
1413013500,1
1413009240,1
1412994180,2
1412994120,1
1412993460,1
1412992740,1
1412986680,1
1412985660,3
1412985600,4
1412985300,1
1412980620,1
1412980020,1
1412972940,1
1412971680,2
1412971620,2
1412971020,1
1412968860,1
1412968740,2
1412968500,1
1412967660,2
1412967600,2
1412966700,1
1412966460,4
1412965920,1
1412965260,1
1412965200,1
1412964000,1
1412963100,1
1412962620,1
1412962200,1
1412961960,3
1412961900,2
1412961720,1
1412961660,1
1412961360,3
1412961300,1
1412961060,1
1412960820,4
1412960760,1
1412960700,2
1412960640,1
1412960580,4
1412960520,1
1412960400,3
1412960340,1
1412960280,1
1412960100,2
1412960040,2
1412959920,1
1412959800,1
1412959560,1
1412959500,2
1412959440,2
1412959380,5
1412959260,2
1412959200,2
1412959140,1
1412959080,14
1412959020,2
1412958960,3
1412958900,3
1412958840,1
1412958780,17
1412958720,4
1412958600,7
1412958540,4
1412958480,3
1412958420,1
1412958360,2
1412958240,1
1412958180,2
1412958060,2
1412957820,2
1412957760,2
1412957700,7
1412957640,3
1412957580,4
1412957520,3
1412957460,2
1412957400,1
1412957280,2
1412957220,1
1412957160,1
1412956980,2
1412956920,3
1412956860,4
1412956800,12
1412956740,3
1412956680,1
1412956620,2
1412956560,2
1412956500,2
1412956440,1
1412956380,2
1412956320,2
1412956200,3
1412956140,3
1412956080,2
1412955960,2
1412955900,11
1412955840,1
1412955780,2
1412955720,4
1412955660,1
1412955600,2
1412955540,3
1412955480,2
1412955420,4
1412955360,5
1412955300,1
1412955240,2
1412955180,1
1412955120,6
1412955060,2
1412955000,15
1412954880,2
1412954820,1
1412954760,3
1412954640,1
1412954580,3
1412954520,3
1412954460,1
1412954400,2
1412954340,2
1412954280,3
1412954220,3
1412954100,12
1412954040,2
1412953980,4
1412953920,3
1412953860,1
1412953740,6
1412953680,1
1412953620,2
1412953560,2
1412953500,2
1412953380,3
1412953320,4
1412953260,4
1412953200,15
1412953140,2
1412953020,1
1412952960,2
1412952900,3
1412952840,6
1412952780,3
1412952720,4
1412952660,4
1412952600,5
1412952540,3
1412952480,3
1412952360,2
1412952300,8
1412952240,5
1412952180,3
1412952120,2
1412952060,3
1412952000,1
1412951940,4
1412951880,2
1412951820,4
1412951760,2
1412951640,1
1412951580,4
1412951520,6
1412951460,1
1412951400,17
1412951340,2
1412951280,3
1412951220,2
1412951160,3
1412951100,6
1412951040,7
1412950920,2
1412950860,7
1412950800,3
1412950740,3
1412950680,3
1412950620,2
1412950560,2
1412950500,9
1412950440,5
1412950380,4
1412950320,5
1412950260,4
1412950140,3
1412950080,1
1412950020,2
1412949960,1
1412949900,3
1412949780,5
1412949720,3
1412949660,2
1412949600,24
1412949540,4
1412949480,2
1412949420,5
1412949360,2
1412949300,3
1412949240,2
1412949180,2
1412949120,1
1412949060,2
1412949000,4
1412948940,3
1412948880,3
1412948820,1
1412948760,3
1412948700,10
1412948640,1
1412948580,1
1412948520,1
1412948460,3
1412948400,3
1412948340,5
1412948280,1
1412948220,4
1412948160,3
1412948100,1
1412948040,3
1412947980,3
1412947920,2
1412947860,4
1412947800,24
1412947740,4
1412947680,2
1412947620,1
1412947500,2
1412947440,2
1412947380,3
1412947320,2
1412947260,1
1412947200,1
1412947140,5
1412947020,2
1412946960,2
1412946900,12
1412946780,1
1412946720,1
1412946660,2
1412946600,2
1412946480,3
1412946420,3
1412946300,1
1412946240,3
1412946000,23
1412945940,1
1412945880,1
1412945820,2
1412945760,2
1412945700,1
1412945580,2
1412945520,1
1412945460,1
1412945400,3
1412945340,1
1412945280,1
1412945160,1
1412945100,1
1412945040,4
1412944920,3
1412944860,3
1412944800,2
1412944740,2
1412944680,2
1412944620,2
1412944560,1
1412944500,1
1412944320,1
1412944200,7
1412944080,2
1412944020,1
1412943960,3
1412943900,3
1412943840,1
1412943780,6
1412943720,2
1412943660,6
1412943600,2
1412943540,2
1412943480,4
1412943420,5
1412943360,5
1412943300,3
1412943240,3
1412943120,1
1412943060,3
1412943000,3
1412942940,1
1412942880,2
1412942820,2
1412942700,3
1412942640,2
1412942580,5
1412942520,7
1412942460,2
1412942400,2
1412942340,1
1412942280,4
1412942160,3
1412942100,1
1412942040,4
1412941980,2
1412941920,6
1412941860,2
1412941800,6
1412941740,2
1412941680,3
1412941620,3
1412941560,2
1412941500,9
1412941440,3
1412941380,2
1412941320,1
1412941260,4
1412941200,4
1412941140,7
1412941080,3
1412941020,6
1412940960,5
1412940900,2
1412940840,9
1412940780,4
1412940720,1
1412940660,10
1412940600,18
1412940540,7
1412940480,3
1412940420,8
1412940360,1
1412940300,3
1412940240,2
1412940180,3
1412940120,3
1412940060,5
1412940000,1
1412939940,4
1412939880,1
1412939820,2
1412939760,4
1412939700,15
1412939640,2
1412939580,1
1412939520,5
1412939460,2
1412939400,6
1412939340,2
1412939220,2
1412939160,1
1412939100,6
1412939040,6
1412938980,2
1412938920,4
1412938860,2
1412938800,35
1412938740,5
1412938680,6
1412938620,4
1412938560,5
1412938500,2
1412938440,4
1412938380,2
1412938320,3
1412938260,2
1412938140,1
1412938080,3
1412938020,5
1412937960,2
1412937900,22
1412937840,1
1412937780,1
1412937720,3
1412937660,3
1412937600,3
1412937540,1
1412937420,4
1412937360,3
1412937300,4
1412937240,6
1412937180,4
1412937120,6
1412937060,5
1412937000,32
1412936940,2
1412936880,3
1412936820,7
1412936760,2
1412936700,8
1412936640,3
1412936580,2
1412936520,3
1412936460,5
1412936400,9
1412936340,8
1412936220,2
1412936160,7
1412936100,18
1412936040,7
1412935980,4
1412935920,8
1412935860,2
1412935800,3
1412935740,2
1412935680,3
1412935620,1
1412935560,4
1412935500,5
1412935440,4
1412935380,5
1412935320,4
1412935260,4
1412935200,32
1412935140,7
1412935080,2
1412935020,2
1412934960,5
1412934900,5
1412934840,2
1412934780,5
1412934720,5
1412934660,11
1412934600,12
1412934540,6
1412934480,12
1412934420,7
1412934360,6
1412934300,25
1412934240,1
1412934180,3
1412934120,2
1412934060,1
1412934000,3
1412933940,2
1412933880,1
1412933820,11
1412933700,6
1412933640,5
1412933580,1
1412933520,5
1412933460,1
1412933400,26
1412933340,3
1412933280,3
1412933220,3
1412933160,7
1412933100,2
1412933040,4
1412932980,3
1412932920,5
1412932860,4
1412932800,5
1412932740,2
1412932680,2
1412932620,2
1412932560,5
1412932500,23
1412932380,1
1412932320,6
1412932260,2
1412932200,3
1412932140,2
1412932080,1
1412932020,3
1412931960,1
1412931900,3
1412931840,5
1412931780,4
1412931720,4
1412931660,2
1412931600,34
1412931540,1
1412931480,4
1412931420,2
1412931300,3
1412931240,3
1412931180,2
1412931120,2
1412931060,3
1412931000,3
1412930940,2
1412930880,1
1412930820,2
1412930760,1
1412930700,16
1412930580,1
1412930520,1
1412930460,1
1412930400,1
1412930340,1
1412930280,2
1412930220,3
1412930160,2
1412930100,2
1412929980,3
1412929920,4
1412929860,3
1412929800,16
1412929740,2
1412929680,1
1412929620,2
1412929560,4
1412929500,1
1412929440,1
1412929380,5
1412929200,4
1412929140,3
1412929020,2
1412928960,3
1412928900,10
1412928840,5
1412928780,2
1412928660,4
1412928600,4
1412928540,4
1412928480,1
1412928360,1
1412928300,2
1412928240,1
1412928180,6
1412928120,2
1412928060,2
1412928000,17
1412927940,2
1412927880,1
1412927700,4
1412927340,1
1412926860,1
1412926620,1
1412926260,3
1412925060,2
1412923980,2
1412923920,8
1412923860,1
1412923380,1
1412923320,1
1412922600,1
1412921160,1
1412919060,1
1412912040,1
1412899320,3
1412899260,5
1412889420,1
1412888160,1
1412887740,1
1412887020,2
1412886720,1
1412885220,2
1412884440,2
1412884380,1
1412884320,2
1412884140,4
1412884020,1
1412883840,1
1412883300,1
1412881980,1
1412881260,1
1412881200,1
1412880300,1
1412880240,1
1412880000,2
1412879880,1
1412879820,4
1412879460,2
1412879400,4
1412879220,1
1412879040,1
1412878980,1
1412878800,1
1412878740,1
1412878680,1
1412878620,11
1412878500,3
1412878380,2
1412878080,2
1412877660,1
1412877600,2
1412877300,1
1412877060,2
1412876880,2
1412876700,7
1412876640,1
1412876580,1
1412876400,1
1412876280,2
1412876220,3
1412876040,4
1412875980,1
1412875920,1
1412875800,10
1412875500,1
1412875440,1
1412875380,1
1412875260,5
1412875080,1
1412875020,1
1412874960,1
1412874900,10
1412874720,1
1412874660,1
1412874540,2
1412874480,5
1412874300,1
1412874240,1
1412874180,4
1412874120,1
1412874060,1
1412874000,7
1412873940,2
1412873880,1
1412873760,4
1412873700,3
1412873640,3
1412873520,2
1412873340,2
1412873280,2
1412873220,1
1412873160,4
1412873100,13
1412872980,3
1412872920,2
1412872860,1
1412872800,3
1412872740,6
1412872680,1
1412872620,1
1412872560,1
1412872500,2
1412872440,4
1412872380,5
1412872320,6
1412872260,2
1412872200,14
1412872140,2
1412872080,1
1412872020,2
1412871960,2
1412871900,3
1412871840,2
1412871780,2
1412871720,5
1412871660,2
1412871600,4
1412871540,5
1412871480,4
1412871420,3
1412871360,1
1412871300,23
1412871240,2
1412871180,1
1412871120,1
1412871060,1
1412871000,3
1412870880,3
1412870820,1
1412870760,1
1412870700,3
1412870640,7
1412870580,1
1412870520,4
1412870460,3
1412870400,22
1412870340,3
1412870280,3
1412870220,3
1412870160,2
1412870100,2
1412869980,3
1412869920,1
1412869860,3
1412869800,7
1412869740,1
1412869680,4
1412869620,5
1412869560,4
1412869500,26
1412869440,2
1412869380,5
1412869320,6
1412869260,9
1412869200,3
1412869140,1
1412869080,1
1412869020,3
1412868960,6
1412868900,4
1412868840,5
1412868780,3
1412868720,2
1412868660,4
1412868600,25
1412868540,4
1412868480,4
1412868420,3
1412868360,3
1412868300,3
1412868240,5
1412868180,3
1412868120,5
1412868060,6
1412868000,5
1412867940,1
1412867880,5
1412867820,2
1412867760,2
1412867700,18
1412867640,1
1412867520,3
1412867460,6
1412867400,2
1412867340,1
1412867280,4
1412867160,2
1412867100,1
1412867040,1
1412866980,1
1412866920,2
1412866860,2
1412866800,27
1412866740,1
1412866680,1
1412866620,2
1412866500,6
1412866440,3
1412866380,4
1412866320,1
1412866260,6
1412866200,9
1412866140,2
1412866080,3
1412865960,6
1412865900,14
1412865780,6
1412865720,1
1412865600,4
1412865540,2
1412865480,1
1412865360,3
1412865300,1
1412865240,3
1412865180,3
1412865120,2
1412865060,6
1412865000,37
1412864940,1
1412864880,5
1412864820,9
1412864760,3
1412864700,13
1412864640,2
1412864580,2
1412864520,1
1412864460,4
1412864400,7
1412864340,3
1412864280,2
1412864220,3
1412864100,21
1412864040,2
1412863980,1
1412863920,3
1412863860,2
1412863800,4
1412863740,3
1412863680,1
1412863620,4
1412863500,4
1412863440,2
1412863380,2
1412863320,3
1412863260,1
1412863200,41
1412863140,1
1412863080,2
1412863020,2
1412862960,2
1412862900,1
1412862840,4
1412862780,2
1412862720,2
1412862660,4
1412862600,7
1412862540,5
1412862480,5
1412862420,6
1412862360,8
1412862300,22
1412862240,3
1412862180,11
1412862120,4
1412862060,3
1412862000,9
1412861940,7
1412861880,3
1412861820,4
1412861760,6
1412861700,2
1412861640,4
1412861580,5
1412861520,3
1412861460,1
1412861400,39
1412861340,3
1412861280,4
1412861220,3
1412861160,3
1412861100,1
1412861040,1
1412860980,8
1412860920,2
1412860860,6
1412860800,3
1412860740,4
1412860680,1
1412860560,1
1412860500,25
1412860440,2
1412860380,3
1412860320,1
1412860260,2
1412860200,3
1412860140,3
1412860080,7
1412860020,3
1412859960,5
1412859900,1
1412859840,4
1412859780,5
1412859720,5
1412859600,41
1412859540,11
1412859480,1
1412859420,2
1412859360,2
1412859240,1
1412859180,1
1412859120,2
1412859060,1
1412859000,5
1412858940,1
1412858880,1
1412858820,2
1412858760,1
1412858700,8
1412858640,1
1412858460,1
1412858400,3
1412858340,2
1412858280,1
1412858220,1
1412858160,7
1412858040,1
1412857980,1
1412857920,4
1412857860,4
1412857800,8
1412857740,1
1412857680,1
1412857620,1
1412857500,1
1412857440,8
1412857380,2
1412857320,1
1412857260,1
1412857200,1
1412857140,2
1412857080,2
1412856900,4
1412856780,3
1412856720,5
1412856540,1
1412856420,3
1412856360,5
1412856240,6
1412856180,1
1412856120,1
1412856060,1
1412856000,11
1412855880,6
1412855820,5
1412855760,6
1412855700,2
1412855640,8
1412855580,3
1412855460,2
1412855400,1
1412855340,2
1412855280,4
1412855220,2
1412855160,1
1412855100,11
1412855040,11
1412854980,5
1412854920,2
1412854860,6
1412854800,8
1412854740,7
1412854680,6
1412854620,10
1412854560,8
1412854500,3
1412854440,3
1412854380,4
1412854320,2
1412854260,5
1412854200,19
1412854140,1
1412854080,2
1412854020,3
1412853960,4
1412853900,1
1412853840,4
1412853780,6
1412853720,8
1412853660,3
1412853600,4
1412853540,4
1412853480,2
1412853420,2
1412853300,16
1412853240,7
1412853180,1
1412853120,3
1412853060,3
1412853000,1
1412852940,1
1412852880,1
1412852820,4
1412852760,6
1412852700,5
1412852640,5
1412852580,4
1412852520,2
1412852460,4
1412852400,22
1412852340,3
1412852280,6
1412852220,3
1412852160,2
1412852100,1
1412852040,2
1412851980,2
1412851920,5
1412851860,4
1412851800,5
1412851740,11
1412851680,5
1412851620,1
1412851560,2
1412851500,26
1412851440,1
1412851320,4
1412851260,1
1412851200,3
1412851140,2
1412851080,4
1412850960,4
1412850900,3
1412850840,4
1412850780,2
1412850720,1
1412850660,10
1412850600,34
1412850540,9
1412850480,5
1412850360,7
1412850300,3
1412850240,2
1412850180,5
1412850120,3
1412850060,1
1412850000,4
1412849940,4
1412849880,1
1412849820,1
1412849760,4
1412849700,21
1412849640,1
1412849580,2
1412849520,4
1412849460,3
1412849400,4
1412849340,2
1412849280,6
1412849160,2
1412849100,4
1412849040,3
1412848980,3
1412848920,1
1412848860,2
1412848800,31
1412848740,1
1412848680,3
1412848620,3
1412848560,6
1412848500,3
1412848440,1
1412848380,7
1412848320,5
1412848260,3
1412848200,5
1412848140,2
1412848080,4
1412847960,2
1412847900,23
1412847840,5
1412847780,5
1412847720,5
1412847660,5
1412847540,7
1412847480,4
1412847360,7
1412847300,9
1412847180,3
1412847120,1
1412847060,5
1412847000,30
1412846940,1
1412846880,3
1412846820,3
1412846760,3
1412846700,5
1412846640,1
1412846580,6
1412846520,3
1412846460,2
1412846400,5
1412846340,1
1412846280,6
1412846220,7
1412846160,1
1412846100,25
1412846040,3
1412845920,5
1412845860,1
1412845800,1
1412845740,5
1412845680,3
1412845620,2
1412845560,2
1412845500,6
1412845440,4
1412845320,1
1412845260,1
1412845200,34
1412845080,3
1412845020,2
1412844960,4
1412844900,4
1412844840,4
1412844780,4
1412844720,2
1412844660,5
1412844600,7
1412844540,4
1412844420,4
1412844360,3
1412844300,20
1412844240,2
1412844120,1
1412844060,2
1412844000,5
1412843940,1
1412843880,2
1412843820,3
1412843700,1
1412843580,1
1412843520,2
1412843400,27
1412843340,1
1412843280,2
1412843220,1
1412843100,1
1412843040,2
1412842980,3
1412842860,1
1412842800,1
1412842740,3
1412842680,2
1412842620,4
1412842560,2
1412842500,9
1412842440,2
1412842380,2
1412842320,2
1412842260,3
1412842200,2
1412842020,2
1412841960,2
1412841900,3
1412841840,2
1412841780,2
1412841720,2
1412841660,1
1412841600,13
1412841480,1
1412841420,4
1412840880,2
1412840520,4
1412839800,1
1412839380,3
1412838660,1
1412838600,1
1412837940,1
1412837280,1
1412837220,2
1412837100,2
1412834520,1
1412833200,1
1412832240,1
1412832180,2
1412832120,4
1412832000,5
1412831820,4
1412820240,1
1412816460,1
1412812800,2
1412812320,1
1412810400,1
1412809080,1
1412808780,2
1412807580,1
1412807040,1
1412805780,1
1412804700,1
1412802720,1
1412802540,1
1412801880,1
1412801640,4
1412801220,2
1412800860,3
1412800800,2
1412800680,2
1412799900,1
1412799660,1
1412797500,1
1412796840,1
1412796600,1
1412795700,1
1412794800,1
1412794680,1
1412794560,1
1412794500,1
1412794320,1
1412794260,1
1412794140,1
1412794080,1
1412793960,1
1412793900,1
1412793720,2
1412793540,1
1412793120,1
1412793000,2
1412792760,1
1412792400,1
1412792280,1
1412792100,1
1412791800,1
1412791740,2
1412791680,4
1412791560,1
1412791500,1
1412791260,1
1412791200,1
1412790840,2
1412790480,1
1412790240,2
1412789820,1
1412789520,1
1412789400,1
1412788800,4
1412788740,2
1412788680,1
1412788620,1
1412788500,2
1412788440,1
1412788320,2
1412788200,3
1412788140,1
1412788020,1
1412787960,4
1412787900,8
1412787840,11
1412787780,3
1412787720,2
1412787660,1
1412787600,6
1412787540,3
1412787480,3
1412787420,2
1412787360,2
1412787300,1
1412787240,2
1412787120,1
1412787060,1
1412787000,1
1412786940,1
1412786880,2
1412786820,3
1412786760,2
1412786700,9
1412786640,1
1412786580,4
1412786520,3
1412786460,1
1412786400,4
1412786340,4
1412786280,4
1412786220,4
1412786160,4
1412786100,2
1412786040,5
1412785920,3
1412785860,2
1412785800,10
1412785740,2
1412785680,2
1412785560,3
1412785500,2
1412785440,3
1412785380,2
1412785320,1
1412785260,6
1412785200,4
1412785140,2
1412785080,1
1412785020,3
1412784900,7
1412784840,2
1412784720,4
1412784600,3
1412784540,2
1412784480,1
1412784300,2
1412784240,1
1412784060,2
1412784000,27
1412783940,3
1412783880,1
1412783820,2
1412783700,3
1412783640,2
1412783580,1
1412783520,5
1412783460,4
1412783400,7
1412783340,5
1412783280,3
1412783160,2
1412783100,15
1412783040,5
1412782980,2
1412782920,3
1412782860,1
1412782800,5
1412782740,1
1412782680,2
1412782620,1
1412782560,4
1412782500,3
1412782440,4
1412782380,3
1412782320,2
1412782260,2
1412782200,24
1412782140,2
1412782080,1
1412782020,5
1412781960,5
1412781900,1
1412781840,2
1412781780,4
1412781720,4
1412781660,2
1412781600,3
1412781540,7
1412781480,5
1412781420,3
1412781360,3
1412781300,16
1412781240,5
1412781180,5
1412781120,12
1412781060,2
1412781000,6
1412780940,3
1412780880,1
1412780820,5
1412780760,5
1412780700,6
1412780640,3
1412780580,2
1412780460,1
1412780400,26
1412780280,4
1412780220,4
1412780100,1
1412780040,1
1412779980,2
1412779800,2
1412779740,2
1412779620,4
1412779560,1
1412779500,11
1412779440,1
1412779380,1
1412779320,4
1412779260,1
1412779200,2
1412779140,5
1412779080,2
1412779020,2
1412778960,1
1412778900,3
1412778840,7
1412778780,3
1412778720,5
1412778660,4
1412778600,22
1412778540,2
1412778480,1
1412778420,2
1412778360,1
1412778300,1
1412778240,2
1412778180,2
1412778120,3
1412778060,2
1412778000,6
1412777940,2
1412777880,4
1412777820,1
1412777760,4
1412777700,12
1412777640,1
1412777580,4
1412777520,2
1412777460,3
1412777400,1
1412777340,4
1412777280,3
1412777220,3
1412777160,7
1412777100,1
1412777040,4
1412776980,1
1412776920,7
1412776860,3
1412776800,30
1412776740,4
1412776680,4
1412776620,1
1412776560,3
1412776500,5
1412776440,3
1412776380,5
1412776320,3
1412776260,4
1412776200,2
1412776140,5
1412776080,3
1412776020,7
1412775900,13
1412775840,1
1412775780,1
1412775720,1
1412775660,3
1412775600,2
1412775540,1
1412775420,1
1412775360,3
1412775300,1
1412775240,4
1412775060,1
1412775000,36
1412774880,1
1412774820,1
1412774760,3
1412774700,3
1412774580,3
1412774520,3
1412774460,3
1412774400,3
1412774340,3
1412774280,2
1412774220,1
1412774160,6
1412774100,21
1412774040,1
1412773980,2
1412773920,4
1412773860,4
1412773800,1
1412773740,2
1412773500,1
1412773320,1
1412773260,4
1412773200,28
1412773080,1
1412773020,1
1412772960,1
1412772900,1
1412772840,2
1412772780,4
1412772720,4
1412772660,2
1412772600,5
1412772540,4
1412772480,2
1412772360,2
1412772300,8
1412772240,2
1412772180,2
1412772120,1
1412772060,2
1412771940,1
1412771880,2
1412771820,2
1412771700,1
1412771640,1
1412771520,6
1412771460,2
1412771400,3
1412771280,2
1412771220,3
1412771160,2
1412771100,4
1412771040,7
1412770980,5
1412770920,4
1412770860,6
1412770800,4
1412770740,3
1412770680,1
1412770500,3
1412770440,2
1412770380,4
1412770320,3
1412770260,1
1412770200,2
1412770140,1
1412770080,3
1412770020,2
1412769900,3
1412769840,5
1412769780,9
1412769720,9
1412769660,9
1412769600,8
1412769540,3
1412769480,5
1412769420,5
1412769360,8
1412769300,9
1412769240,3
1412769180,2
1412769120,3
1412769060,2
1412769000,1
1412768880,2
1412768820,2
1412768760,6
1412768700,8
1412768640,4
1412768580,3
1412768520,2
1412768460,1
1412768400,6
1412768280,1
1412768220,7
1412768160,3
1412768100,7
1412768040,6
1412767980,10
1412767920,9
1412767860,8
1412767800,21
1412767740,4
1412767680,2
1412767620,4
1412767560,5
1412767500,15
1412767440,4
1412767320,2
1412767260,3
1412767200,9
1412767140,6
1412767080,8
1412767020,6
1412766960,2
1412766900,18
1412766840,3
1412766780,7
1412766720,4
1412766660,3
1412766600,4
1412766540,1
1412766480,3
1412766420,3
1412766360,3
1412766300,2
1412766240,3
1412766180,2
1412766120,3
1412766060,1
1412766000,34
1412765940,4
1412765880,11
1412765820,4
1412765760,2
1412765700,2
1412765640,2
1412765580,2
1412765460,4
1412765400,3
1412765340,7
1412765280,5
1412765220,1
1412765160,6
1412765100,27
1412765040,1
1412764980,2
1412764920,4
1412764860,3
1412764800,3
1412764740,3
1412764680,5
1412764620,11
1412764560,4
1412764500,5
1412764440,2
1412764380,4
1412764260,7
1412764200,39
1412764140,2
1412764080,2
1412764020,1
1412763960,6
1412763900,4
1412763840,5
1412763780,4
1412763720,1
1412763660,2
1412763600,4
1412763540,2
1412763480,4
1412763420,7
1412763360,4
1412763300,22
1412763240,5
1412763180,3
1412763120,6
1412763060,3
1412763000,3
1412762940,5
1412762880,2
1412762820,4
1412762760,2
1412762700,3
1412762640,4
1412762580,1
1412762520,5
1412762460,4
1412762400,41
1412762340,1
1412762280,3
1412762220,3
1412762160,4
1412762100,1
1412762040,2
1412761980,6
1412761920,2
1412761860,3
1412761800,4
1412761740,5
1412761680,2
1412761620,6
1412761560,4
1412761500,27
1412761440,3
1412761380,3
1412761320,3
1412761260,2
1412761200,2
1412761140,5
1412761080,6
1412761020,2
1412760960,3
1412760900,5
1412760840,2
1412760780,1
1412760720,2
1412760660,4
1412760600,40
1412760540,2
1412760480,1
1412760420,3
1412760360,3
1412760300,2
1412760240,3
1412760180,2
1412760120,2
1412760060,2
1412760000,9
1412759940,5
1412759880,3
1412759820,6
1412759760,2
1412759700,25
1412759640,1
1412759580,4
1412759520,3
1412759460,2
1412759400,8
1412759340,4
1412759280,3
1412759220,5
1412759160,5
1412759100,2
1412759040,2
1412758980,3
1412758920,2
1412758800,34
1412758740,3
1412758680,3
1412758620,3
1412758560,1
1412758500,3
1412758440,2
1412758380,2
1412758320,2
1412758200,4
1412758140,2
1412758080,2
1412758020,5
1412757900,19
1412757780,2
1412757720,4
1412757660,2
1412757600,6
1412757540,5
1412757420,3
1412757360,1
1412757300,2
1412757180,2
1412757060,4
1412757000,20
1412756880,1
1412756760,1
1412756700,1
1412756640,3
1412756580,2
1412756520,1
1412756460,1
1412756400,3
1412756340,3
1412756220,5
1412756160,3
1412756100,14
1412756040,4
1412755980,1
1412755920,1
1412755860,2
1412755800,4
1412755740,1
1412755680,1
1412755620,1
1412755560,1
1412755500,2
1412755380,2
1412755320,2
1412755260,1
1412755200,15
1412754960,1
1412754900,1
1412754840,3
1412754600,2
1412754540,2
1412754480,3
1412752620,1
1412751060,1
1412750700,1
1412750400,2
1412749800,2
1412748720,2
1412748480,2
1412748420,3
1412748360,1
1412748240,3
1412748180,1
1412747820,1
1412747700,1
1412747640,3
1412747580,1
1412747520,2
1412747400,6
1412747280,4
1412747160,4
1412747100,2
1412747040,1
1412746980,3
1412746680,4
1412746320,2
1412726520,4
1412726460,5
1412723460,1
1412720700,1
1412719980,1
1412719020,1
1412718420,1
1412716740,1
1412715720,1
1412715480,1
1412712120,2
1412712060,2
1412711820,2
1412711100,1
1412710560,16
1412710200,1
1412709300,1
1412708580,1
1412708400,1
1412707680,1
1412707560,1
1412707500,1
1412707020,1
1412706960,1
1412706720,2
1412706600,1
1412706360,1
1412705760,2
1412705700,1
1412705580,2
1412705520,1
1412705460,1
1412705280,1
1412705220,1
1412705160,2
1412705100,2
1412704860,1
1412704800,1
1412704740,2
1412704620,2
1412704560,1
1412704440,1
1412704380,1
1412703900,1
1412703780,1
1412703720,1
1412703420,2
1412703360,1
1412703180,4
1412703120,1
1412703000,2
1412702940,1
1412702880,1
1412702820,1
1412702760,1
1412702700,1
1412702640,1
1412702580,1
1412702520,1
1412702280,1
1412702100,2
1412701980,1
1412701800,2
1412701740,1
1412701680,4
1412701620,1
1412701560,1
1412701500,1
1412701440,2
1412701380,1
1412701200,2
1412701140,2
1412701080,1
1412701020,1
1412700900,2
1412700720,4
1412700600,7
1412700540,10
1412700480,4
1412700420,5
1412700360,1
1412700300,3
1412700180,1
1412700120,2
1412700060,1
1412700000,1
1412699940,1
1412699880,1
1412699820,2
1412699760,2
1412699700,3
1412699640,2
1412699580,3
1412699520,3
1412699460,1
1412699400,10
1412699280,1
1412699220,5
1412699160,3
1412699100,3
1412699040,3
1412698980,1
1412698920,1
1412698860,2
1412698800,3
1412698680,3
1412698620,4
1412698560,5
1412698500,14
1412698440,1
1412698380,3
1412698320,1
1412698260,2
1412698200,1
1412698140,4
1412698080,5
1412698020,8
1412697960,1
1412697900,1
1412697780,2
1412697720,5
1412697660,7
1412697600,18
1412697480,2
1412697420,1
1412697360,4
1412697300,3
1412697240,4
1412697180,5
1412697120,3
1412697060,2
1412697000,2
1412696880,4
1412696820,1
1412696760,1
1412696700,24
1412696640,1
1412696580,2
1412696520,2
1412696460,2
1412696400,3
1412696280,1
1412696220,16
1412696160,3
1412696100,3
1412696040,2
1412695980,5
1412695920,2
1412695860,2
1412695800,19
1412695740,5
1412695680,4
1412695620,6
1412695560,1
1412695380,3
1412695260,3
1412695200,8
1412695140,7
1412695080,5
1412695020,1
1412694900,13
1412694840,2
1412694780,3
1412694720,1
1412694660,5
1412694600,3
1412694540,2
1412694480,3
1412694420,3
1412694360,2
1412694300,3
1412694240,2
1412694180,3
1412694120,3
1412694060,2
1412694000,21
1412693940,2
1412693820,1
1412693700,5
1412693640,4
1412693580,3
1412693520,1
1412693460,2
1412693400,6
1412693340,3
1412693280,1
1412693220,2
1412693100,20
1412693040,1
1412692980,3
1412692920,3
1412692800,6
1412692740,2
1412692680,3
1412692620,1
1412692560,3
1412692500,2
1412692440,3
1412692380,8
1412692320,3
1412692260,4
1412692200,27
1412692140,3
1412692080,1
1412692020,1
1412691960,3
1412691900,1
1412691780,1
1412691720,2
1412691660,1
1412691600,6
1412691540,4
1412691480,5
1412691420,3
1412691300,22
1412691240,3
1412691180,3
1412691120,3
1412691060,1
1412691000,7
1412690940,4
1412690880,3
1412690760,1
1412690700,3
1412690640,2
1412690580,1
1412690520,1
1412690400,33
1412690340,2
1412690280,3
1412690220,5
1412690160,1
1412690100,5
1412689980,3
1412689920,1
1412689860,3
1412689800,4
1412689740,3
1412689500,23
1412689440,1
1412689380,6
1412689320,6
1412689260,6
1412689200,4
1412689140,8
1412689080,1
1412689020,2
1412688960,1
1412688900,4
1412688840,4
1412688720,1
1412688660,1
1412688600,32
1412688540,3
1412688480,1
1412688420,6
1412688360,3
1412688300,2
1412688240,2
1412688180,8
1412688120,2
1412688060,6
1412688000,3
1412687940,5
1412687880,2
1412687820,4
1412687760,3
1412687700,20
1412687640,2
1412687580,1
1412687520,1
1412687460,1
1412687400,1
1412687340,3
1412687280,1
1412687220,2
1412687160,3
1412687100,1
1412687040,1
1412686980,1
1412686920,2
1412686860,1
1412686800,27
1412686740,5
1412686620,1
1412686560,2
1412686440,1
1412686380,7
1412686260,1
1412686200,2
1412686020,1
1412685960,8
1412685900,6
1412685840,1
1412685720,2
1412685600,1
1412685480,4
1412685420,4
1412685360,2
1412685300,3
1412685240,2
1412685180,2
1412685120,5
1412685060,1
1412685000,9
1412684940,2
1412684880,3
1412684820,3
1412684760,6
1412684700,2
1412684640,1
1412684580,1
1412684520,3
1412684460,1
1412684400,3
1412684340,1
1412684280,2
1412684220,5
1412684160,1
1412684100,4
1412684040,1
1412683980,2
1412683920,1
1412683860,2
1412683800,1
1412683740,1
1412683680,1
1412683620,3
1412683560,3
1412683500,5
1412683440,1
1412683380,3
1412683320,2
1412683260,3
1412683200,5
1412683140,5
1412683080,6
1412683020,1
1412682960,6
1412682840,2
1412682780,3
1412682720,5
1412682660,6
1412682600,2
1412682540,3
1412682480,2
1412682420,3
1412682360,1
1412682300,7
1412682240,6
1412682180,6
1412682120,3
1412682060,4
1412682000,2
1412681940,2
1412681880,5
1412681820,1
1412681760,2
1412681700,4
1412681640,2
1412681580,2
1412681520,1
1412681400,13
1412681340,5
1412681280,2
1412681220,3
1412681160,4
1412681100,2
1412681040,3
1412680980,1
1412680920,1
1412680860,1
1412680800,6
1412680740,4
1412680680,1
1412680620,2
1412680560,4
1412680500,24
1412680440,1
1412680380,1
1412680320,1
1412680260,1
1412680200,7
1412680140,4
1412680080,9
1412680020,1
1412679960,6
1412679900,4
1412679840,4
1412679780,8
1412679720,1
1412679660,4
1412679600,34
1412679540,6
1412679480,3
1412679420,6
1412679360,3
1412679300,10
1412679240,3
1412679180,5
1412679120,5
1412679060,6
1412679000,7
1412678940,5
1412678880,4
1412678820,2
1412678760,3
1412678700,24
1412678640,1
1412678580,4
1412678520,5
1412678460,4
1412678400,4
1412678280,4
1412678220,1
1412678160,1
1412678100,7
1412677980,2
1412677920,4
1412677860,5
1412677800,31
1412677740,3
1412677680,1
1412677620,2
1412677560,4
1412677500,3
1412677380,3
1412677320,5
1412677260,2
1412677200,4
1412677140,3
1412677080,9
1412677020,3
1412676960,2
1412676900,31
1412676840,6
1412676780,5
1412676720,6
1412676660,5
1412676600,7
1412676540,14
1412676480,5
1412676420,6
1412676360,5
1412676300,2
1412676240,4
1412676180,5
1412676120,6
1412676060,3
1412676000,44
1412675940,4
1412675880,5
1412675820,3
1412675760,4
1412675700,2
1412675640,3
1412675580,3
1412675520,7
1412675460,1
1412675400,2
1412675340,3
1412675280,4
1412675220,1
1412675160,5
1412675100,21
1412675040,9
1412674980,5
1412674920,4
1412674860,6
1412674800,11
1412674740,3
1412674680,6
1412674620,6
1412674560,6
1412674500,7
1412674440,1
1412674380,5
1412674320,5
1412674260,6
1412674200,45
1412674140,8
1412674080,3
1412674020,6
1412673960,2
1412673900,4
1412673840,2
1412673780,3
1412673720,2
1412673660,4
1412673600,3
1412673540,4
1412673480,3
1412673420,2
1412673360,3
1412673300,27
1412673240,7
1412673180,7
1412673120,3
1412673060,2
1412673000,3
1412672940,7
1412672880,7
1412672820,1
1412672760,2
1412672700,2
1412672640,3
1412672580,3
1412672520,4
1412672460,3
1412672400,46
1412672340,4
1412672280,5
1412672220,4
1412672160,5
1412672100,5
1412672040,5
1412671980,5
1412671920,5
1412671860,2
1412671800,9
1412671740,3
1412671680,8
1412671620,6
1412671560,6
1412671500,24
1412671440,1
1412671320,1
1412671260,5
1412671200,4
1412671140,8
1412671080,1
1412671020,1
1412670960,1
1412670900,1
1412670840,3
1412670720,2
1412670660,4
1412670600,27
1412670540,1
1412670480,1
1412670420,1
1412670300,1
1412670180,1
1412670120,2
1412670060,1
1412670000,3
1412669940,2
1412669880,2
1412669820,4
1412669760,3
1412669700,8
1412669580,2
1412669520,1
1412669400,1
1412669340,1
1412669280,1
1412669220,4
1412669160,2
1412669040,2
1412668980,3
1412668920,2
1412668800,7
1412668380,1
1412668260,1
1412668140,1
1412667660,1
1412667600,1
1412667360,1
1412667180,1
1412666280,1
1412665980,3
1412665140,1
1412664900,1
1412664660,1
1412664480,1
1412663220,1
1412663160,2
1412663100,4
1412662980,4
1412662860,4
1412662800,2
1412662740,2
1412662560,2
1412662500,1
1412662380,5
1412662260,5
1412661600,4
1412661540,1
1412661240,2
1412640120,1
1412640000,6
1412638920,1
1412635920,1
1412632320,1
1412630520,1
1412628180,1
1412625840,1
1412625480,2
1412625180,1
1412624940,1
1412624700,1
1412624460,1
1412624280,1
1412624100,1
1412623980,1
1412623860,1
1412623620,1
1412623380,1
1412622900,1
1412622660,1
1412622300,11
1412622060,1
1412620860,1
1412620260,1
1412620200,1
1412619300,1
1412618820,2
1412618700,1
1412618580,1
1412618520,1
1412618460,1
1412618400,1
1412618280,2
1412618220,1
1412617980,1
1412617800,1
1412617500,1
1412617380,1
1412617080,1
1412617020,1
1412616960,2
1412616600,3
1412616540,1
1412616480,1
1412616360,1
1412616180,2
1412615880,4
1412615760,3
1412615700,2
1412615640,2
1412615520,2
1412615400,1
1412615340,1
1412615100,2
1412615040,1
1412614980,2
1412614920,2
1412614860,9
1412614800,4
1412614740,3
1412614680,5
1412614620,4
1412614560,4
1412614500,1
1412614440,7
1412614380,5
1412614320,1
1412614260,3
1412614200,3
1412614140,24
1412614080,1
1412613960,5
1412613900,5
1412613780,3
1412613720,2
1412613660,2
1412613540,2
1412613420,1
1412613360,3
1412613300,5
1412613240,2
1412613180,3
1412613120,1
1412613060,3
1412613000,12
1412612940,3
1412612880,1
1412612760,2
1412612700,2
1412612640,4
1412612580,3
1412612520,3
1412612460,3
1412612400,2
1412612340,3
1412612280,5
1412612160,2
1412612100,20
1412612040,3
1412611980,1
1412611920,4
1412611860,4
1412611740,2
1412611680,1
1412611620,1
1412611500,5
1412611440,3
1412611380,1
1412611260,4
1412611200,21
1412611140,2
1412611080,1
1412611020,1
1412610960,3
1412610900,5
1412610840,7
1412610780,2
1412610720,1
1412610660,3
1412610600,4
1412610540,2
1412610480,8
1412610360,4
1412610300,14
1412610240,2
1412610180,7
1412610120,2
1412610060,1
1412610000,3
1412609940,3
1412609880,4
1412609820,2
1412609760,1
1412609700,3
1412609640,3
1412609580,2
1412609520,6
1412609460,1
1412609400,25
1412609340,2
1412609280,2
1412609220,2
1412609160,2
1412609100,1
1412609040,3
1412608980,2
1412608920,2
1412608860,2
1412608800,5
1412608740,3
1412608680,2
1412608620,2
1412608560,11
1412608500,24
1412608440,8
1412608380,2
1412608320,3
1412608260,2
1412608200,2
1412608140,4
1412608080,5
1412607960,1
1412607900,3
1412607840,7
1412607780,4
1412607720,3
1412607660,2
1412607600,22
1412607540,2
1412607480,3
1412607420,1
1412607360,4
1412607300,5
1412607240,5
1412607180,6
1412607120,4
1412607060,1
1412607000,2
1412606940,3
1412606880,2
1412606820,3
1412606760,3
1412606700,24
1412606640,2
1412606580,3
1412606520,3
1412606460,3
1412606400,5
1412606340,2
1412606280,5
1412606220,1
1412606160,2
1412606100,5
1412606040,4
1412605980,3
1412605920,3
1412605860,3
1412605800,26
1412605740,3
1412605680,4
1412605620,2
1412605560,3
1412605500,2
1412605440,8
1412605380,1
1412605320,2
1412605260,4
1412605200,4
1412605140,4
1412605080,1
1412605020,3
1412604960,2
1412604900,18
1412604840,1
1412604780,1
1412604600,3
1412604540,4
1412604480,3
1412604420,4
1412604360,2
1412604300,2
1412604240,1
1412604180,3
1412604120,1
1412604060,3
1412604000,33
1412603940,3
1412603880,2
1412603820,4
1412603760,2
1412603700,8
1412603640,1
1412603580,1
1412603520,2
1412603400,2
1412603340,3
1412603280,1
1412603220,2
1412603160,2
1412603100,17
1412603040,3
1412602980,2
1412602920,4
1412602800,5
1412602740,2
1412602680,1
1412602620,5
1412602560,4
1412602500,5
1412602440,5
1412602380,1
1412602320,6
1412602260,4
1412602200,44
1412602140,3
1412602080,3
1412602020,3
1412601960,3
1412601900,3
1412601840,6
1412601780,3
1412601720,2
1412601660,2
1412601600,3
1412601540,2
1412601480,5
1412601420,4
1412601360,2
1412601300,21
1412601240,2
1412601180,3
1412601120,1
1412601060,4
1412601000,2
1412600940,4
1412600880,3
1412600700,3
1412600640,2
1412600580,2
1412600520,3
1412600460,2
1412600400,32
1412600340,2
1412600280,1
1412600160,2
1412600100,2
1412600040,1
1412599980,1
1412599860,4
1412599800,5
1412599680,1
1412599620,4
1412599560,3
1412599500,6
1412599380,10
1412599260,2
1412599200,1
1412599140,2
1412599020,1
1412598960,1
1412598900,1
1412598840,2
1412598780,1
1412598720,4
1412598660,5
1412598600,2
1412598540,1
1412598480,1
1412598420,3
1412598360,3
1412598300,2
1412598240,5
1412598180,2
1412598120,4
1412598060,4
1412598000,6
1412597940,1
1412597880,2
1412597820,2
1412597760,2
1412597700,3
1412597640,1
1412597580,2
1412597520,2
1412597460,3
1412597340,1
1412597220,5
1412597160,3
1412597100,5
1412597040,7
1412596980,3
1412596920,5
1412596860,2
1412596800,5
1412596740,4
1412596680,1
1412596620,5
1412596560,7
1412596500,3
1412596440,4
1412596380,1
1412596260,3
1412596200,6
1412596140,3
1412596080,5
1412596020,3
1412595960,6
1412595900,7
1412595840,4
1412595780,4
1412595720,1
1412595660,2
1412595600,3
1412595540,11
1412595480,4
1412595420,4
1412595360,4
1412595300,2
1412595240,4
1412595180,9
1412595120,7
1412595060,4
1412595000,14
1412594940,2
1412594880,4
1412594820,5
1412594760,6
1412594700,2
1412594640,2
1412594580,1
1412594520,1
1412594460,5
1412594400,4
1412594340,4
1412594280,4
1412594220,2
1412594160,4
1412594100,19
1412593980,4
1412593920,4
1412593860,4
1412593800,2
1412593740,3
1412593680,3
1412593620,3
1412593560,4
1412593500,2
1412593440,7
1412593380,5
1412593320,4
1412593260,6
1412593200,36
1412593140,4
1412592960,3
1412592900,3
1412592840,7
1412592780,3
1412592720,5
1412592660,5
1412592600,3
1412592540,4
1412592480,4
1412592420,1
1412592360,5
1412592300,27
1412592240,5
1412592180,6
1412592120,6
1412592060,6
1412592000,5
1412591940,2
1412591880,7
1412591820,5
1412591760,7
1412591700,6
1412591640,4
1412591580,4
1412591520,3
1412591460,8
1412591400,38
1412591340,3
1412591280,1
1412591220,3
1412591160,3
1412591100,3
1412591040,5
1412590980,2
1412590920,3
1412590860,3
1412590800,4
1412590740,6
1412590680,4
1412590620,3
1412590560,3
1412590500,26
1412590440,3
1412590380,5
1412590320,3
1412590260,4
1412590200,2
1412590140,4
1412590080,4
1412590020,4
1412589960,11
1412589900,5
1412589840,3
1412589780,3
1412589720,3
1412589660,9
1412589600,45
1412589540,4
1412589480,5
1412589420,5
1412589360,5
1412589300,5
1412589240,2
1412589180,2
1412589120,4
1412589060,4
1412589000,11
1412588940,2
1412588880,3
1412588820,3
1412588760,3
1412588700,30
1412588640,1
1412588580,2
1412588520,7
1412588460,2
1412588400,6
1412588340,2
1412588280,10
1412588220,2
1412588160,3
1412588100,5
1412587980,3
1412587920,5
1412587860,6
1412587800,37
1412587740,1
1412587680,5
1412587620,2
1412587560,2
1412587500,4
1412587440,6
1412587380,4
1412587320,4
1412587260,3
1412587200,6
1412587140,5
1412587080,4
1412587020,2
1412586960,1
1412586900,31
1412586840,2
1412586780,4
1412586720,6
1412586660,5
1412586600,5
1412586540,4
1412586480,1
1412586420,3
1412586360,2
1412586300,5
1412586240,2
1412586180,1
1412586120,1
1412586060,10
1412586000,48
1412585940,3
1412585880,5
1412585820,7
1412585760,1
1412585700,5
1412585640,5
1412585580,2
1412585520,2
1412585460,3
1412585400,4
1412585340,3
1412585280,3
1412585220,7
1412585160,6
1412585100,23
1412585040,3
1412584980,3
1412584920,5
1412584860,5
1412584800,9
1412584740,5
1412584680,4
1412584620,8
1412584560,4
1412584500,3
1412584440,6
1412584380,3
1412584320,3
1412584260,1
1412584200,23
1412584140,3
1412584020,1
1412583960,2
1412583840,2
1412583780,1
1412583720,6
1412583660,4
1412583600,5
1412583540,1
1412583480,2
1412583420,2
1412583360,2
1412583300,13
1412583240,1
1412583180,2
1412583120,3
1412583060,3
1412583000,1
1412582940,2
1412582880,6
1412582820,1
1412582760,3
1412582700,2
1412582640,3
1412582580,1
1412582520,2
1412582400,12
1412582220,1
1412581980,1
1412581800,2
1412581620,1
1412580300,1
1412580120,1
1412579820,1
1412579160,1
1412578620,1
1412578560,1
1412574660,1
1412573580,1
1412573520,1
1412557980,1
